Name,Longitude,Latitude,City,County,Zip,Designation 
Saint Francis Hospital Emory,-84.9606883,32.5056341,Columbus,Muscogee,31904,Level 1
Archbold Memorial Hospital,-83.9719335,30.8250877,Thomasville,Thomas,31792,Level 2
Colquitt Regional Medical Center,-83.7803079,31.1257976,Moultrie,Colquitt,31768,Level 2
Crisp Regional Hospital,-83.7813838,31.9776035,Cordele,Crisp,31015,Level 2
Upson Regional Medical Center,-84.33654,32.8862457,Thomaston,Upson,30286,Level 2
Northside Hospital Cherokee,-84.4660204,34.2296681,Canton,Cherokee,30115,Level 3
Phoebe Putney Memorial Hospital,-84.1582079,31.5900229,Albany,Dougherty,31701,Level 3
Northside Hospital,-84.3538288,33.9091662,Atlanta,Fulton,30342,Level 4
Wellstar MCG Health,-81.987562,33.471232,Augusta,Richmond,30912,Level 4